1	"2026-Sep-28"	104	"Today (2026-Sep-28) is Boēdromiṓn 17, ἑβδόμῃ ἐπὶ δέκα Βοηδρομιῶνος, day 76 of 355 in the year 2026/2027."
2	"2026-Sep-28"	232	"🏺 The Epidauria (Ἐπιδαύρια) was celebrated on this day, a festival for Asklepios, the god of healing, and sort of a separate festival within the Eleusinian Mysteries (τὰ Μυστήρια).\n\nhttps://en.wikipedia.org/wiki/Eleusinian_Mysteries"
3	"2026-Sep-29"	103	"Today (2026-Sep-29) is Boēdromiṓn 18, ὀγδόῃ ἐπὶ δέκα Βοηδρομιῶνος, day 77 of 355 in the year 2026/2027."
4	"2026-Sep-29"	192	"🏺 The Eleusinian Mysteries (τὰ Μυστήρια) were still going on this day, but we are not sure what happened (they are secret rites, after all).\n\nhttps://en.wikipedia.org/wiki/Eleusinian_Mysteries"
5	"2026-Sep-30"	103	"Today (2026-Sep-30) is Boēdromiṓn 19, ἐνάτῃ ἐπὶ δέκα Βοηδρομιῶνος, day 78 of 355 in the year 2026/2027."
6	"2026-Sep-30"	264	"🏺 On this day there was a procession from the Eleusinion in Athens to Eleusis for the Mysteries (τὰ Μυστήρια). It began late in the day and did not arrive in Eleusis (about ten miles from Athens) until nighttime.\n\nhttps://en.wikipedia.org/wiki/Eleusinian_Mysteries"
7	"2026-Oct-01"	103	"Today (2026-Oct-01) is Boēdromiṓn 20, δεκάτῃ προτέρᾳ Βοηδρομιῶνος, day 79 of 355 in the year 2026/2027."
8	"2026-Oct-01"	226	"🏺 Today was the first full day of celebrations of the Eleusinian Mysteries (τὰ Μυστήρια) that took place in Eleusis. What went on has been kept secret for thousands of years.\n\nhttps://en.wikipedia.org/wiki/Eleusinian_Mysteries"
9	"2026-Oct-02"	102	"Today (2026-Oct-02) is Boēdromiṓn 21, δεκάτῃ ὑστέρᾳ Βοηδρομιῶνος, day 80 of 355 in the year 2026/2027."
10	"2026-Oct-02"	223	"🏺 Today was the second full day of celebrations of the Eleusinian Mysteries (τὰ Μυστήρια) that took place in Eleusis. No one ever leaked the secret of these mystery rites.\n\nhttps://en.wikipedia.org/wiki/Eleusinian_Mysteries"
11	"2026-Oct-03"	104	"Today (2026-Oct-03) is Boēdromiṓn 22, ἐνάτῃ φθίνοντος Βοηδρομιῶνος, day 81 of 355 in the year 2026/2027."
12	"2026-Oct-03"	222	"🏺 Today was still part of the celebration of the Eleusinian Mysteries (τὰ Μυστήρια). Everyone who knew what the rites were on this day took that knowledge to their grave.\n\nhttps://en.wikipedia.org/wiki/Eleusinian_Mysteries"
13	"2026-Oct-04"	104	"Today (2026-Oct-04) is Boēdromiṓn 23, ὀγδόῃ φθίνοντος Βοηδρομιῶνος, day 82 of 355 in the year 2026/2027."
14	"2026-Oct-04"	213	"🏺 There was a special meeting of the Athenian council at Eleusis on this day as part of the Eleusinian Mysteries (τὰ Μυστήρια), and initiates returned to Athens.\n\nhttps://en.wikipedia.org/wiki/Eleusinian_Mysteries"
15	"2026-Oct-05"	105	"Today (2026-Oct-05) is Boēdromiṓn 24, ἑβδόμῃ φθίνοντος Βοηδρομιῶνος, day 83 of 355 in the year 2026/2027."
16	"2026-Oct-05"	209	"🏺 On this day, the final part of the celebration of the Eleusinian Mysteries (τὰ Μυστήρια) was a meeting of the Athenian council in the Eleusinion in Athens.\n\nhttps://en.wikipedia.org/wiki/Eleusinian_Mysteries"
17	"2026-Oct-06"	103	"Today (2026-Oct-06) is Boēdromiṓn 25, ἕκτῃ φθίνοντος Βοηδρομιῶνος, day 84 of 355 in the year 2026/2027."
18	"2026-Oct-07"	105	"Today (2026-Oct-07) is Boēdromiṓn 26, πέμπτῃ φθίνοντος Βοηδρομιῶνος, day 85 of 355 in the year 2026/2027."
19	"2026-Oct-08"	106	"Today (2026-Oct-08) is Boēdromiṓn 27, τετράδι φθίνοντος Βοηδρομιῶνος, day 86 of 355 in the year 2026/2027."
20	"2026-Oct-09"	104	"Today (2026-Oct-09) is Boēdromiṓn 28, τρίτῃ φθίνοντος Βοηδρομιῶνος, day 87 of 355 in the year 2026/2027."
21	"2026-Oct-10"	100	"Today (2026-Oct-10) is Boēdromiṓn 29, ἕνῃ καὶ νέᾳ Βοηδρομιῶνος, day 88 of 355 in the year 2026/2027."
22	"2026-Oct-11"	95	"Today (2026-Oct-11) is Puanopsiṓn 1, νουμηνίᾳ Πυανοψιῶνος, day 89 of 355 in the year 2026/2027."
23	"2026-Oct-11"	145	"This Puanopsiṓn will have 30 days, which the ancient Greeks called a “full month” (πλήρης μήν) as opposed to a “hollow month” (κοῖλος μήν) of 29."
24	"2026-Oct-11"	195	"Festivals in Puanopsiṓn:\n\n-1: Khalkeia (Xαλkεῖα)\n6: Proerosia (Προηροσία)\n6: Oskhoporia (Ὠσχοφόρια)\n7: Pyanopsia (Πυανόψια)\n8: Theseia (Θησεῖα)\n9: Stenia (Στήνια)\n11–13: Thesmophoria (Θεσμοφόρια)"
25	"2026-Oct-12"	104	"Today (2026-Oct-12) is Puanopsiṓn 2, δευτέρᾳ ἱσταμένου Πυανοψιῶνος, day 90 of 355 in the year 2026/2027."
26	"2026-Oct-13"	102	"Today (2026-Oct-13) is Puanopsiṓn 3, τρίτῃ ἱσταμένου Πυανοψιῶνος, day 91 of 355 in the year 2026/2027."
27	"2026-Oct-14"	104	"Today (2026-Oct-14) is Puanopsiṓn 4, τετράδι ἱσταμένου Πυανοψιῶνος, day 92 of 355 in the year 2026/2027."
28	"2026-Oct-15"	103	"Today (2026-Oct-15) is Puanopsiṓn 5, πέμπτῃ ἱσταμένου Πυανοψιῶνος, day 93 of 355 in the year 2026/2027."
29	"2026-Oct-16"	101	"Today (2026-Oct-16) is Puanopsiṓn 6, ἕκτῃ ἱσταμένου Πυανοψιῶνος, day 94 of 355 in the year 2026/2027."
30	"2026-Oct-16"	161	"🏺 The Proerosia (Προηροσία) was probably celebrated on this day\nThe Oskhoporia (Ὠσχοφόρια) was celebrated on this day\n\n\nhttps://en.wikipedia.org/wiki/Oschophoria"
31	"2026-Oct-17"	103	"Today (2026-Oct-17) is Puanopsiṓn 7, ἑβδόμῃ ἱσταμένου Πυανοψιῶνος, day 95 of 355 in the year 2026/2027."
32	"2026-Oct-17"	217	"🏺 This was the day of the Pyanopsia (Πυανόψια) or “Festival of the Boiled Beans” when an offering of bean stew was made to Apollo. I know that sounds like a joke, but it’s real\n\nhttps://en.wikipedia.org/wiki/Pyanopsia"
33	"2026-Oct-18"	102	"Today (2026-Oct-18) is Puanopsiṓn 8, ὀγδόῃ ἱσταμένου Πυανοψιῶνος, day 96 of 355 in the year 2026/2027."
34	"2026-Oct-18"	122	"🏺 The Theseia (Θησεῖα) was celebrated on this day with races and other competitions\n\nhttps://en.wikipedia.org/wiki/Theseia"
35	"2026-Oct-19"	102	"Today (2026-Oct-19) is Puanopsiṓn 9, ἐνάτῃ ἱσταμένου Πυανοψιῶνος, day 97 of 355 in the year 2026/2027."
36	"2026-Oct-19"	154	"🏺 The Stenia (Στήνια), a festival devoted to Demeter and Persephone, occurred on this day. It was a carnivalesque festival celebrated by women at night.\n\n"
37	"2026-Oct-20"	104	"Today (2026-Oct-20) is Puanopsiṓn 10, δεκάτῃ ἱσταμένου Πυανοψιῶνος, day 98 of 355 in the year 2026/2027."
38	"2026-Oct-21"	96	"Today (2026-Oct-21) is Puanopsiṓn 11, ἑνδεκάτῃ Πυανοψιῶνος, day 99 of 355 in the year 2026/2027."
39	"2026-Oct-21"	192	"🏺 The first day (of three) of the Thesmophoria (Θεσμοφόρια), an important fertility festival the rituals for which were performed entirely by women.\n\nhttps://en.wikipedia.org/wiki/Thesmophoria"
40	"2026-Oct-22"	97	"Today (2026-Oct-22) is Puanopsiṓn 12, δωδεκάτῃ Πυανοψιῶνος, day 100 of 355 in the year 2026/2027."
41	"2026-Oct-22"	193	"🏺 The second day (of three) of the Thesmophoria (Θεσμοφόρια), an important fertility festival the rituals for which were performed entirely by women.\n\nhttps://en.wikipedia.org/wiki/Thesmophoria"
42	"2026-Oct-23"	103	"Today (2026-Oct-23) is Puanopsiṓn 13, τρίτῃ ἐπὶ δέκα Πυανοψιῶνος, day 101 of 355 in the year 2026/2027."
43	"2026-Oct-23"	190	"🏺 The third and last day of the Thesmophoria (Θεσμοφόρια), an important fertility festival the rituals for which were performed entirely by women.\n\nhttps://en.wikipedia.org/wiki/Thesmophoria"
44	"2026-Oct-24"	105	"Today (2026-Oct-24) is Puanopsiṓn 14, τετράδι ἐπὶ δέκα Πυανοψιῶνος, day 102 of 355 in the year 2026/2027."
45	"2026-Oct-25"	104	"Today (2026-Oct-25) is Puanopsiṓn 15, πέμπτῃ ἐπὶ δέκα Πυανοψιῶνος, day 103 of 355 in the year 2026/2027."
46	"2026-Oct-26"	102	"Today (2026-Oct-26) is Puanopsiṓn 16, ἕκτῃ ἐπὶ δέκα Πυανοψιῶνος, day 104 of 355 in the year 2026/2027."
47	"2026-Oct-27"	104	"Today (2026-Oct-27) is Puanopsiṓn 17, ἑβδόμῃ ἐπὶ δέκα Πυανοψιῶνος, day 105 of 355 in the year 2026/2027."
48	"2026-Oct-28"	103	"Today (2026-Oct-28) is Puanopsiṓn 18, ὀγδόῃ ἐπὶ δέκα Πυανοψιῶνος, day 106 of 355 in the year 2026/2027."
49	"2026-Oct-29"	103	"Today (2026-Oct-29) is Puanopsiṓn 19, ἐνάτῃ ἐπὶ δέκα Πυανοψιῶνος, day 107 of 355 in the year 2026/2027."
50	"2026-Oct-30"	103	"Today (2026-Oct-30) is Puanopsiṓn 20, δεκάτῃ προτέρᾳ Πυανοψιῶνος, day 108 of 355 in the year 2026/2027."
51	"2026-Oct-31"	102	"Today (2026-Oct-31) is Puanopsiṓn 21, δεκάτῃ ὑστέρᾳ Πυανοψιῶνος, day 109 of 355 in the year 2026/2027."
52	"2026-Nov-01"	104	"Today (2026-Nov-01) is Puanopsiṓn 22, ἐνάτῃ φθίνοντος Πυανοψιῶνος, day 110 of 355 in the year 2026/2027."
53	"2026-Nov-02"	104	"Today (2026-Nov-02) is Puanopsiṓn 23, ὀγδόῃ φθίνοντος Πυανοψιῶνος, day 111 of 355 in the year 2026/2027."
54	"2026-Nov-03"	105	"Today (2026-Nov-03) is Puanopsiṓn 24, ἑβδόμῃ φθίνοντος Πυανοψιῶνος, day 112 of 355 in the year 2026/2027."
55	"2026-Nov-04"	103	"Today (2026-Nov-04) is Puanopsiṓn 25, ἕκτῃ φθίνοντος Πυανοψιῶνος, day 113 of 355 in the year 2026/2027."
56	"2026-Nov-05"	105	"Today (2026-Nov-05) is Puanopsiṓn 26, πέμπτῃ φθίνοντος Πυανοψιῶνος, day 114 of 355 in the year 2026/2027."
57	"2026-Nov-06"	106	"Today (2026-Nov-06) is Puanopsiṓn 27, τετράδι φθίνοντος Πυανοψιῶνος, day 115 of 355 in the year 2026/2027."
58	"2026-Nov-07"	104	"Today (2026-Nov-07) is Puanopsiṓn 28, τρίτῃ φθίνοντος Πυανοψιῶνος, day 116 of 355 in the year 2026/2027."
59	"2026-Nov-08"	106	"Today (2026-Nov-08) is Puanopsiṓn 29, δευτέρᾳ φθίνοντος Πυανοψιῶνος, day 117 of 355 in the year 2026/2027."
60	"2026-Nov-09"	100	"Today (2026-Nov-09) is Puanopsiṓn 30, ἕνῃ καὶ νέᾳ Πυανοψιῶνος, day 118 of 355 in the year 2026/2027."
61	"2026-Nov-09"	111	"🏺 The Khalkeia (Χαλκεῖα), a festival of crafts-people, was celebrated today in honor of Athena and Hephaistos\n\n"
62	"2026-Nov-10"	101	"Today (2026-Nov-10) is Maimaktēriṓn 1, νουμηνίᾳ Μαιμακτηριῶνος, day 119 of 355 in the year 2026/2027."
63	"2026-Nov-10"	147	"This Maimaktēriṓn will have 30 days, which the ancient Greeks called a “full month” (πλήρης μήν) as opposed to a “hollow month” (κοῖλος μήν) of 29."
64	"2026-Nov-11"	110	"Today (2026-Nov-11) is Maimaktēriṓn 2, δευτέρᾳ ἱσταμένου Μαιμακτηριῶνος, day 120 of 355 in the year 2026/2027."
65	"2026-Nov-12"	108	"Today (2026-Nov-12) is Maimaktēriṓn 3, τρίτῃ ἱσταμένου Μαιμακτηριῶνος, day 121 of 355 in the year 2026/2027."
66	"2026-Nov-13"	110	"Today (2026-Nov-13) is Maimaktēriṓn 4, τετράδι ἱσταμένου Μαιμακτηριῶνος, day 122 of 355 in the year 2026/2027."
67	"2026-Nov-14"	109	"Today (2026-Nov-14) is Maimaktēriṓn 5, πέμπτῃ ἱσταμένου Μαιμακτηριῶνος, day 123 of 355 in the year 2026/2027."
68	"2026-Nov-15"	107	"Today (2026-Nov-15) is Maimaktēriṓn 6, ἕκτῃ ἱσταμένου Μαιμακτηριῶνος, day 124 of 355 in the year 2026/2027."
69	"2026-Nov-16"	109	"Today (2026-Nov-16) is Maimaktēriṓn 7, ἑβδόμῃ ἱσταμένου Μαιμακτηριῶνος, day 125 of 355 in the year 2026/2027."
70	"2026-Nov-17"	108	"Today (2026-Nov-17) is Maimaktēriṓn 8, ὀγδόῃ ἱσταμένου Μαιμακτηριῶνος, day 126 of 355 in the year 2026/2027."
71	"2026-Nov-18"	108	"Today (2026-Nov-18) is Maimaktēriṓn 9, ἐνάτῃ ἱσταμένου Μαιμακτηριῶνος, day 127 of 355 in the year 2026/2027."
72	"2026-Nov-19"	110	"Today (2026-Nov-19) is Maimaktēriṓn 10, δεκάτῃ ἱσταμένου Μαιμακτηριῶνος, day 128 of 355 in the year 2026/2027."
73	"2026-Nov-20"	102	"Today (2026-Nov-20) is Maimaktēriṓn 11, ἑνδεκάτῃ Μαιμακτηριῶνος, day 129 of 355 in the year 2026/2027."
74	"2026-Nov-21"	102	"Today (2026-Nov-21) is Maimaktēriṓn 12, δωδεκάτῃ Μαιμακτηριῶνος, day 130 of 355 in the year 2026/2027."
75	"2026-Nov-22"	108	"Today (2026-Nov-22) is Maimaktēriṓn 13, τρίτῃ ἐπὶ δέκα Μαιμακτηριῶνος, day 131 of 355 in the year 2026/2027."
76	"2026-Nov-23"	110	"Today (2026-Nov-23) is Maimaktēriṓn 14, τετράδι ἐπὶ δέκα Μαιμακτηριῶνος, day 132 of 355 in the year 2026/2027."
77	"2026-Nov-24"	109	"Today (2026-Nov-24) is Maimaktēriṓn 15, πέμπτῃ ἐπὶ δέκα Μαιμακτηριῶνος, day 133 of 355 in the year 2026/2027."
78	"2026-Nov-25"	107	"Today (2026-Nov-25) is Maimaktēriṓn 16, ἕκτῃ ἐπὶ δέκα Μαιμακτηριῶνος, day 134 of 355 in the year 2026/2027."
79	"2026-Nov-26"	109	"Today (2026-Nov-26) is Maimaktēriṓn 17, ἑβδόμῃ ἐπὶ δέκα Μαιμακτηριῶνος, day 135 of 355 in the year 2026/2027."
